Mode_1,Mode_2,Mode_3,Mode_4,Mode_5,Mode_6,Mode_7,Mode_8,Mode_9,Mode_10,Mode_11,Mode_12,Mode_13,Mode_14,Mode_15
-2.2000129299396073e-05,-7.056438476545711e-07,-4.024189477396163e-06,7.710358122695243e-05,-4.305428831269208e-06,-1.1444127785307788e-05,0.0001567602703560592,2.121975673043934e-05,1.3135459838889413e-05,-0.0002581947827429746,-4.455863364881338e-05,0.00038384566674432176,2.715569093857098e-05,-0.00013184621419247221,0.0005067739150112234
-5.170142168633707e-07,1.5952840732438666e-05,2.362024222433081e-06,1.8449913794451271e-06,-5.2642625868845406e-05,4.35459528637103e-05,4.317946709071543e-06,2.498021387673789e-05,-0.00015135938927024372,-7.629040353116075e-06,-3.5947595082765474e-05,1.5827655489730162e-05,-0.0002602099045899212,-3.907148267528436e-05,1.6369010749647925e-05
6.405775723180393e-11,1.0040939912561856e-10,-7.648887151305873e-10,-2.1521453766402123e-10,-1.867858864827657e-09,-2.207147977420697e-09,-4.394284692546512e-10,6.059760729320233e-09,1.2385290520998652e-09,7.776228261210426e-10,-1.008913738711622e-08,-1.4623117058550774e-09,1.4406156904516007e-09,-1.4749432276729908e-08,-3.997951934932009e-09
-5.819560750533195e-05,-1.8453102010320155e-06,-1.0014600510627286e-05,0.00019978150642724918,-9.911396485897459e-06,-2.7227538451001927e-05,0.00039653658006348505,4.771601687851142e-05,3.0090787527591572e-05,-0.000634044972010892,-9.833726237317558e-05,0.0009135042833049973,6.096315808527096e-05,-0.00029156112103597917,0.0011666468902682059
-1.3797712022129003e-06,4.2302385518266964e-05,6.0206431167876345e-06,4.834685914832809e-06,-0.00013479107147967582,0.00011035039721564416,1.1133102344207092e-05,6.334726454274908e-05,-0.00037275430105342475,-1.9219175945329036e-05,-8.813998083926788e-05,3.857156398595272e-05,-0.0006170584237654289,-9.353447736315709e-05,3.872252680024835e-05
1.7402576517215107e-10,2.580951631419731e-10,-1.9713054988575868e-09,-5.795848348999648e-10,-4.675380599951274e-09,-5.52991985818798e-09,-1.169634565072625e-09,1.4749430223522395e-08,3.024354008926647e-09,2.0234414301510094e-09,-2.3764304351902767e-08,-3.6548773626444864e-09,3.4127010544533286e-09,-3.357769257669455e-08,-9.381304413473936e-09
-0.00010687793624256367,-3.4006337862319787e-06,-1.7756565157291473e-05,0.0003599559985173667,-1.6525741779092186e-05,-4.6692541269688195e-05,0.000697646404654972,7.776017549706251e-05,4.987683944782795e-05,-0.0010813519873918117,-0.00015563664154536171,0.001503900599833532,9.784451939872591e-05,-0.00045157627699876933,0.0018443553972874091
-2.590320828463423e-06,7.860613064535007e-05,1.1261336022269494e-05,8.910357265249771e-06,-0.00024280896466631155,0.00019896650176500627,2.007965207726591e-05,0.00011057363760856984,-0.0006520008356419495,-3.373716584325429e-05,-0.0001484035331864498,6.559858189438586e-05,-0.0010408618978966849,-0.00015161455139459107,6.392656941068589e-05
3.288628239344136e-10,4.679102316486892e-10,-3.585694033565671e-09,-1.0815445274528893e-09,-8.29507703619783e-09,-9.815425004866329e-09,-2.148729523224378e-09,2.5485458224761427e-08,5.228167496223759e-09,3.6259980158956166e-09,-3.973445764748648e-08,-6.310264944120749e-09,5.709580397971917e-09,-5.412029297269612e-08,-1.536533493624239e-08
-0.00016565852716008518,-5.243455683315999e-06,-2.6703033343313074e-05,0.0005473264344859789,-2.373737465687082e-05,-6.828969466169681e-05,0.0010336667135164548,0.00010865942436057332,7.055288873370185e-05,-0.001546590070526152,-0.0002092741827384652,0.0020611926427930804,0.0001327214942942306,-0.0005825764847325757,0.00239968247000077
-4.142678910636426e-06,0.00012357842286343784,1.784490180233202e-05,1.3955162997248747e-05,-0.0003712006409716852,0.00030448647010675287,3.054244739010922e-05,0.00016394124815412978,-0.0009679673176657767,-4.953100160115623e-05,-0.00021196879094832527,9.274110225354215e-05,-0.0014867889575931334,-0.0002074642840588392,8.584879002455548e-05
5.254764817068447e-10,7.202603901966555e-10,-5.546226414327804e-09,-1.7002573125830949e-09,-1.2530324176910981e-08,-1.483583537446286e-08,-3.304846935040842e-09,3.746168665582741e-08,7.680902325460209e-09,5.4065062067846055e-09,-5.6330323711943913e-08,-9.02916424317535e-09,8.079631735099227e-09,-7.348457796744675e-08,-2.0905271050567733e-08
-0.00021935562164896575,-6.5987095823278384e-06,-3.44792618533845e-05,0.0007128288703575239,-3.0822461532156017e-05,-8.634540780875687e-05,0.0013141525738596044,0.00013486097728159164,8.6183136586908e-05,-0.0019008312412675667,-0.0002489186257220807,0.0024263720562961943,0.00015509762240808239,-0.0006551221147323068,0.002671605703588358
-5.752579040930691e-06,0.00016543575126545644,2.47093495113145e-05,1.9018959996397345e-05,-0.0004852572425058347,0.00040120490689312717,4.032811304779297e-05,0.00020553918405762984,-0.0012389957550805616,-6.304684333128342e-05,-0.00025638107711994495,0.00011335639914939678,-0.0018378382456370925,-0.00023920385169107455,9.979841292873184e-05
7.197792525625204e-10,9.478447736059498e-10,-7.3599008684871484e-09,-2.2942481280404275e-09,-1.6307086816839167e-08,-1.9336636738095937e-08,-4.350803126922699e-09,4.7641780976521044e-08,9.772603768379182e-09,6.888054756961576e-09,-6.928623758561551e-08,-1.1033817734321867e-08,9.9295951377575e-09,-8.659212592065572e-08,-2.441761049678936e-08
-0.0002786751662690079,-7.895864755182405e-06,-4.188296841489502e-05,0.0008894597316055366,-3.7263716750087076e-05,-0.0001025486571689205,0.0015952863705724154,0.0001564988038924187,9.932627699414655e-05,-0.002217107492443466,-0.00027605617736369437,0.002682738082121964,0.00016979860625769723,-0.0006810316066251944,0.002745060386415
-7.598074794340141e-06,0.00021229319530814898,3.198544953219525e-05,2.463954584982921e-05,-0.0006090824381082933,0.0005042006872385861,5.045087316485959e-05,0.0002509068945471784,-0.001513662830793657,-7.549294765751625e-05,-0.00030158812406748137,0.00012932213559657546,-0.002157366374057063,-0.00026823652587469767,0.00010452528799697863
9.453739977507675e-10,1.1952243329424243e-09,-9.375308993535546e-09,-2.9628630904208717e-09,-2.0348238160399963e-08,-2.417381790071963e-08,-5.454522554272403e-09,5.7943073289716864e-08,1.1890128838808845e-08,8.297152738274023e-09,-8.105349662394875e-08,-1.2635033536212774e-08,1.1596513762153999e-08,-9.611210601364028e-08,-2.6556796250282932e-08
-0.00034256949092935455,-9.158512779866872e-06,-4.9452566223885785e-05,0.0010726268142784209,-4.38901541857292e-05,-0.00011834815993325208,0.001865794062522685,0.0001763382842995386,0.00011086485085926701,-0.0024755907676969483,-0.0002944766018095479,0.002805264355639721,0.00017777449935905954,-0.0006635358622398047,0.002602902688271975
-9.675264024874105e-06,0.0002634683201098804,4.0011958613722446e-05,3.0745378512719186e-05,-0.0007387886770789443,0.0006122112521010829,6.063057064345738e-05,0.0002953886782516315,-0.0017817488371820974,-8.628383594206858e-05,-0.00034052603735578476,0.00013965498563534297,-0.002425645925750737,-0.0002861888015989878,0.00010049304254325442
1.19491386395953e-09,1.4594992173531912e-09,-1.1556656951073313e-08,-3.6761954219369134e-09,-2.4547440045542972e-08,-2.9210493648405478e-08,-6.548798810372725e-09,6.791584236192365e-08,1.3926978029587988e-08,9.510397112569482e-09,-9.081586609379806e-08,-1.3639648723922216e-08,1.2938079357467047e-08,-1.0100872797066567e-07,-2.6996146162219498e-08
-0.00041027539568963463,-1.0413615960880747e-05,-5.722303875398603e-05,0.001258691863544623,-5.063058726743563e-05,-0.00013381166948289096,0.002116407462384725,0.00019418091181428376,0.00012082925328007576,-0.002661141335143127,-0.0003037475039717141,0.002779915058885859,0.00017914084308286117,-0.0006035325220561489,0.0022504321720832445
-1.1933498102768329e-05,0.00031847798396853356,4.868278449932858e-05,3.7121891560456226e-05,-0.0008720943886338762,0.0007232101122517665,7.035680900040229e-05,0.0003377487484274624,-0.002034467049793088,-9.457042061969548e-05,-0.000371406684086539,0.00014323246382839423,-0.0026273776890911676,-0.0002917050010056744,8.758495264526733e-05
1.463296609782991e-09,1.738694870628868e-09,-1.387838963544077e-08,-4.412298768590285e-09,-2.8824554503852508e-08,-3.4343480677072854e-08,-7.582917973428733e-09,7.72146578367632e-08,1.580164679186708e-08,1.0439282807450079e-08,-9.7988509613801e-08,-1.3933989939802875e-08,1.385385572826039e-08,-1.0071472657495246e-07,-2.5623255579887625e-08
-0.00048124038343342164,-1.1676018078755855e-05,-6.520610705332805e-05,0.0014447070174971894,-5.741475262163846e-05,-0.00014892258184562147,0.0023394589631822197,0.0002097649704891239,0.00012917629451355517,-0.0027628320165662256,-0.00030361182449328817,0.002602943658716065,0.00017412036371502687,-0.0005049564998074997,0.0017124807754194484
-1.4340094330976058e-05,0.00037696938850404865,5.7921679091391535e-05,4.361483566635031e-05,-0.0010071098827560188,0.0008355384930498256,7.924293321638202e-05,0.00037691314518165645,-0.0022644443011294473,-9.976567531244399e-05,-0.00039282367378620423,0.00013954593725547403,-0.002751183127824724,-0.00028416187652982995,6.670975012554224e-05
1.7472012974427539e-09,2.031431647778531e-09,-1.6322672544940554e-08,-5.155174046018579e-09,-3.3115928495249365e-08,-3.9491547293936624e-08,-8.518379761370428e-09,8.55591760261128e-08,1.7449326287836474e-08,1.1022246374040404e-08,-1.0215130513160387e-07,-1.34680328708917e-08,1.4275258487364833e-08,-9.503855983630301e-08,-2.2496983800216054e-08
-0.0005548911902714991,-1.2952596889497598e-05,-7.338639415063359e-05,0.001627780974412838,-6.415613201547991e-05,-0.00016359215025333213,0.002528108661473849,0.0002227726125405243,0.00013582058191135413,-0.0027735296829013985,-0.00029405235379266676,0.0022808283387439035,0.00016311801045226822,-0.0003746754460043073,0.0010318576171543725
-1.6866921363770727e-05,0.00043854500391779896,6.764906027807939e-05,5.008957977779306e-05,-0.0011419184246566037,0.0009475378120550976,8.69649548626832e-05,0.00041186426114314586,-0.002464975201618895,-0.00010148374513747572,-0.00040370730644006414,0.00012864053658042589,-0.0027891737737403043,-0.00026367173126507734,3.967212361679412e-05
2.0437062083063548e-09,2.3361279886476836e-09,-1.8871030347331062e-08,-5.890696422995731e-09,-3.735923419295812e-08,-4.457615430093087e-08,-9.323009023103146e-09,9.270112023937677e-08,1.881438386714518e-08,1.1218598358657484e-08,-1.0302547483946547e-07,-1.2249134245178837e-08,1.4161414217673169e-08,-8.415499314997632e-08,-1.7832058827109914e-08
-0.0006307854644029074,-1.4248225674574309e-05,-8.174871764408002e-05,0.0018054992979005728,-7.077173451546446e-05,-0.0001777224103767316,0.002676958288438801,0.00023290446481625784,0.00014068444241833086,-0.0026903427923154802,-0.00027534636266792563,0.001829368954686685,0.00014673025218812666,-0.00022177190987612367,0.00026415421768598486
-1.94932536678317e-05,0.0005028941645916225,7.780112126914084e-05,5.6437954767429575e-05,-0.001274891761929954,0.0010578069673202828,9.327244677807767e-05,0.00044175115845183574,-0.002630642086412548,-9.954150877014627e-05,-0.00040341388651588905,0.00011106415428849315,-0.0027374360293648263,-0.00023105612195436356,8.912501402676999e-06
2.3507170108522173e-09,2.651678733141439e-09,-2.1509560205853498e-08,-6.607656008309567e-09,-4.1502960294446266e-08,-4.953258253666519e-08,-9.972389756555445e-09,9.844505877078837e-08,1.9854339296869447e-08,1.1009089316441973e-08,-1.0048737608483977e-07,-1.0336568058547496e-08,1.3500238345510706e-08,-6.857285620110555e-08,-1.196682749439951e-08
-0.0007086129016930717,-1.556730293895089e-05,-9.028244698886803e-05,0.0019758895613825158,-7.71834977328591e-05,-0.00019121572558766602,0.0027819179247978126,0.00023988440004300588,0.0001437017712012788,-0.00251416807421877,-0.0002480300971021701,0.0012718786457964224,0.000125701187858899,-5.670734780572945e-05,-0.0005279510725572061
-2.22045915743601e-05,0.0005697997435067123,8.832931644186532e-05,6.257309508724309e-05,-0.001404675279922095,0.0011651844608064025,9.797709361854152e-05,0.0004658783386836295,-0.0027571990328752274,-9.393086658383162e-05,-0.0003916909284059889,8.776961983545189e-05,-0.002595631344076661,-0.00018773082111762408,-2.2775577445570548e-05
2.6668774066845857e-09,2.9775034425372807e-09,-2.4228869418485365e-08,-7.297260113362844e-09,-4.550538246920328e-08,-5.430842896529858e-08,-1.0448701131071877e-08,1.0264235839872423e-07,2.053830530714504e-08,1.0392927235488979e-08,-9.455077091005467e-08,-7.831276273954344e-09,1.2304949079292994e-08,-4.907269713686735e-08,-5.323496422668102e-09
-0.0007879659390646787,-1.6910697803036784e-05,-9.895898317072047e-05,0.0021369214069022644,-8.330233327924662e-05,-0.00020394219334612235,0.002839912213159837,0.00024345258784172586,0.00014481222381459766,-0.002249982900738525,-0.00021296791465811752,0.0006390685880039511,0.00010094644371139099,0.00010903392787776457,-0.0012782624501248684
-2.498419399435885e-05,0.0006389450147986419,9.916927889949533e-05,6.841005930205485e-05,-0.0015298151169358684,0.0012684385778053164,0.00010093730148503519,0.00048364273982815414,-0.0028412354872484145,-8.482109009139469e-05,-0.00036870695334426974,6.0092576684097834e-05,-0.002367249172161861,-0.0001357319604652454,-5.2446490391754994e-05
2.9905813218852128e-09,3.3126086008824683e-09,-2.70160016566192e-08,-7.950912210798737e-09,-4.932273532363928e-08,-5.8849428341743255e-08,-1.07389885744775e-08,1.0517918581956697e-07,2.0845039813877214e-08,9.387867011181811e-09,-8.53764113898534e-08,-4.873754405866149e-09,1.0615610596165555e-08,-2.6704770066723425e-08,1.6122063702447914e-09
-0.0008686639658720184,-1.828178734902909e-05,-0.00010776656810509693,0.00228721442374334,-8.905281958540039e-05,-0.00021579324733739293,0.002849282562705925,0.00024340456700573033,0.0001439695337563091,-0.0019056866636520478,-0.00017125026543417097,-3.5473242435641465e-05,7.341707776201827e-05,0.0002644552140211018,-0.0019264268480281063
-2.7824232620554512e-05,0.0007101923618699557,0.00011028513488202519,7.389228643818924e-05,-0.0016493041858226254,0.0013667204768993016,0.00010208067724527204,0.000494640579086058,-0.002880730012145769,-7.252150303991298e-05,-0.0003349925325652895,2.9544738829486225e-05,-0.0020587604002729205,-7.741504528206924e-05,-7.745032210754846e-05
3.32132270406207e-09,3.6569434384108136e-09,-2.986583882305827e-08,-8.563053757857966e-09,-5.2926256233029645e-08,-6.311986848376187e-08,-1.0836501370030707e-08,1.05995044577937e-07,2.076605953267102e-08,8.024387294126795e-09,-7.323572645687955e-08,-1.6211743007388338e-09,8.491333486082842e-09,-2.6333378349551138e-09,8.36128399628398e-09
-0.0009504051820986147,-1.9681844727182107e-05,-0.00011666599178047458,0.00242546742015037,-9.433528884024173e-05,-0.00022663848329602018,0.0028098903940335313,0.00023970169632125786,0.00014116636014885133,-0.0014928790645940496,-0.00012457675054926883,-0.0007160306639114967,4.4103547523568924e-05,0.00039932190975132354,-0.00242283718717953
-3.071306526616891e-05,0.0007832730178024896,0.00012162095603947712,7.896200024168058e-05,-0.0017621699588676305,0.0014592138490211284,0.00010138455632559241,0.0004986580526986433,-0.002874946780322664,-5.7506154724566026e-05,-0.0002914702586141654,-2.1577345060833084e-06,-0.0016797139449820876,-1.5295765270045628e-05,-9.551438879069069e-05
3.658041425892284e-09,4.009949207603543e-09,-3.2768342737321934e-08,-9.128595242641722e-09,-5.6289680699283654e-08,-6.708712001517598e-08,-1.073874769992488e-08,1.0508039082998138e-07,2.0305626648285917e-08,6.343719049564255e-09,-5.8515584249490913e-08,1.7610804039785957e-09,6.011030516295527e-09,2.192325587924796e-08,1.4479501083210538e-08
-0.0010337496516909714,-2.1178392857186848e-05,-0.00012526683614650107,0.0025497280245582094,-9.823652886162894e-05,-0.0002354677207111998,0.0027146736198513394,0.00023112117210472472,0.00013602656017926707,-0.0010120253270091814,-7.494904532708364e-05,-0.001371591747329217,1.3422073111475507e-05,0.0005000653289022144,-0.0027093450532598884
-3.3793042447460416e-05,0.0008588064973663488,0.00013445104913660242,8.38580458351151e-05,-0.0018659329451319454,0.0015478532290090473,9.902851066638592e-05,0.0004907983618953174,-0.0028167314937309995,-4.021790176801301e-05,-0.00023515277155565053,-3.3559612088953715e-05,-0.0012227747420612562,4.875039826368825e-05,-0.00010446795258105255
4.002915190702428e-09,4.378052027880887e-09,-3.575791420781676e-08,-9.644837974527323e-09,-5.940024378829188e-08,-7.072902203424791e-08,-1.0416548674543047e-08,1.0214090567468745e-07,1.9409268880161853e-08,4.322079365641236e-09,-4.0982858757563165e-08,5.174031267897802e-09,3.17481931159059e-09,4.624337731592794e-08,1.9552116300159065e-08
-0.0011180166514356794,-2.264374323442286e-05,-0.00013429283448345323,0.00265569366422952,-0.00010208477745761956,-0.00024366756573152422,0.0025600995298527313,0.00022007279261250547,0.00012897597995264348,-0.00048146720100314156,-2.4648689216612345e-05,-0.001945904120650515,-1.6807211274575726e-05,0.0005590514384105995,-0.002731305714288735
-3.679333901297315e-05,0.0009365393630545729,0.00014635187651092007,8.7821145653191e-05,-0.0019606555998255798,0.001624745899095281,9.415007720173944e-05,0.0004770899220364292,-0.0026996781672609573,-2.0848201306827657e-05,-0.0001714214162133785,-6.221268883414191e-05,-0.0007080369639960231,0.0001112994631041841,-0.00010149695705261614
4.35184312820288e-09,4.757540266445024e-09,-3.88025738643896e-08,-1.0092483175587637e-08,-6.213369493414057e-08,-7.389867008970255e-08,-9.85538478892007e-09,9.702234083986526e-08,1.8059959279706344e-08,2.05801622782897e-09,-2.144198325650274e-08,8.269581795801952e-09,1.389093795010469e-10,6.792742735424269e-08,2.2848708363439154e-08
-0.001202828777964142,-2.410939638746251e-05,-0.00014337578030948128,0.002742185630419697,-0.00010529210682906215,-0.0002504813719708016,0.002350544464767733,0.00020545103793584806,0.00011987755713478162,7.413824686152113e-05,2.5962058350795824e-05,-0.0023982078612534733,-4.550496156916032e-05,0.0005744802180078354,-0.002488454351968921
-3.982476266803319e-05,0.0010159289955659785,0.0001583720912844524,9.111623635008768e-05,-0.002043133599363788,0.0016911440802246925,8.72411398967705e-05,0.00045425524207501805,-0.002527595747683356,-5.114512860294314e-07,-0.00010099841592882769,-8.629256164366482e-05,-0.00015969814805019147,0.00016756933598523476,-8.73958162416329e-05
4.70318868071187e-09,5.146268692223608e-09,-4.1885418723066554e-08,-1.0465524767661835e-08,-6.445284326633765e-08,-7.655465029940442e-08,-9.072613298974176e-09,8.987108273866741e-08,1.630073182073486e-08,-3.301855677221555e-10,-8.253174471302912e-10,1.0802070775139925e-08,-2.937073596497815e-09,8.539364191061731e-08,2.4103368400921316e-08
-0.0012878954250835335,-2.556980430282009e-05,-0.00015249170287131428,0.0028082447083339662,-0.00010782703368746251,-0.00025584003976556385,0.0020907073153995787,0.00018731610578000976,0.00010884103298758845,0.0006314533096683525,7.560008417419911e-05,-0.002698047285619373,-7.172933457503703e-05,0.0005472210785837189,-0.0020045074478308497
-4.2877388118829396e-05,0.0010967065466614095,0.0001704548620686899,9.370529834135177e-05,-0.0021123979194343466,0.0017462816523134376,7.84695961675767e-05,0.00042264485465648866,-0.0023042276786319022,1.9872858335543323e-05,-2.6444900206711118e-05,-0.00010427852555293351,0.00039957822772420623,0.00021436210779719254,-6.349707212050482e-05
5.0559079551714186e-09,5.543320460495283e-09,-4.4994864158406586e-08,-1.0759628392321085e-08,-6.633042555161699e-08,-7.866634269448354e-08,-8.088675160198416e-09,8.084992554113443e-08,1.4179227728807197e-08,-2.7308603238183455e-09,1.9997387833904566e-08,1.2589172446935389e-08,-5.905024990839913e-09,9.746269264475048e-08,2.3267870280843146e-08
-0.0013729448248592032,-2.701908379908626e-05,-0.00016161080281406438,0.0028531402217346472,-0.00010965429825001765,-0.0002596751993132364,0.0017862680749374036,0.00016583676111444032,9.603141952445293e-05,0.0011674809665886683,0.00012287092117653245,-0.002825216692367233,-9.464554020124848e-05,0.0004811382126796727,-0.0013257521342119262
-4.5942766199733646e-05,0.0011786152284765856,0.00018254196475035617,9.555627735444615e-05,-0.0021676086662925057,0.0017895140130996486,6.803173679306325e-05,0.00038273910968031897,-0.002034287561025698,3.9412336427978535e-05,4.9549843977469166e-05,-0.00011508933732125046,0.0009470798965478415,0.0002489985858578643,-3.2088878144542923e-05
5.409081267197895e-09,5.948068928983918e-09,-4.812010200915092e-08,-1.0971376603043135e-08,-6.774359581745308e-08,-8.020883977707833e-08,-6.927587159855361e-09,7.015509887751294e-08,1.1751235745426482e-08,-5.0353540631946355e-09,4.016597386918612e-08,1.3505111343009794e-08,-8.625159636142691e-09,1.0331142812695106e-07,2.0480400477998004e-08
-0.0014577346846448194,-2.8451724258386065e-05,-0.00017070357580250696,0.0028763739996356093,-0.00011074352688516293,-0.00026193005779720404,0.00144374346900637,0.00014127546847996335,8.165096859984368e-05,0.001660450217936688,0.00016638182181122807,-0.0027708824798326724,-0.00011357771570317609,0.0003827981998623617,-0.0005165774410880205
-4.9013935971321016e-05,0.0012614201734039373,0.0001945746630611306,9.664480422830235e-05,-0.0022080777893606395,0.0018203362757823775,5.615392179278534e-05,0.0003351398704940898,-0.001723400599246434,5.7270764430188155e-05,0.00012425729330307412,-0.00011814935481826221,0.0014609139904688702,0.00026945323000286805,3.7707822212874713e-06
5.761940723209963e-09,6.3602261321469944e-09,-5.125135634223113e-08,-1.1098262482868698e-08,-6.86745920718669e-08,-8.116382448131702e-08,-5.6162385636008415e-09,5.8014319864311584e-08,9.080342079145141e-09,-7.142277789358948e-09,5.886167104025024e-08,1.3486972867610645e-08,-1.0972060004071282e-08,1.0252775378087448e-07,1.6045950009639428e-08
-0.0015420219026628511,-2.9862893118431533e-05,-0.0001797397818087308,0.002877679018680027,-0.00011107121640709837,-0.00026256150044976217,0.0010704806712134726,0.00011398342648978313,6.593123130903401e-05,0.002090486107090478,0.00020479031671406277,-0.0025380888692137374,-0.00012802957716318103,0.00026091657654529467,0.00034637091705868526
-5.208413735663774e-05,0.0013448798126744076,0.0002064886357848691,9.69541211775476e-05,-0.0022332607822419578,0.0018383781886971455,4.309364645533554e-05,0.0002805697344473817,-0.0013781208393932728,7.26931977268989e-05,0.00019497256356637357,-0.00011341567147031098,0.001920657324445193,0.00027442713568234713,4.052926382590286e-05
6.113740628698401e-09,6.779739912701408e-09,-5.437868361608223e-08,-1.1138636753250498e-08,-6.911058878213061e-08,-8.151951825473301e-08,-4.184355625875314e-09,4.46876156474896e-08,6.238359460521109e-09,-8.96055840534094e-09,7.533169368953151e-08,1.2537352143974365e-08,-1.2839381237640046e-08,9.513750849008226e-08,1.0404555545792757e-08
-0.0016256774303393252,-3.125120197004551e-05,-0.00018870226008338022,0.0028570074610206934,-0.00011062107028399439,-0.0002615391428910804,0.0006739645654843669,8.434735125132223e-05,4.9098124030884504e-05,0.002440939431167661,0.00023689651647723427,-0.002141039112404403,-0.00013770822081408837,0.00012540456245934943,0.001182703647038337
-5.515091027901063e-05,0.001428861475159728,0.0002182286798207026,9.647498000923195e-05,-0.002242781752086471,0.001843422834898836,2.9115476455375386e-05,0.0002197635752478187,-0.001005306409169832,8.505611782778478e-05,0.0002591963417440449,-0.00010136136539622842,0.002308745884312729,0.0002633694156065637,7.453119174397543e-05
6.464250333307042e-09,7.207465672851412e-09,-5.74962194962294e-08,-1.1091676079188171e-08,-6.904401337365671e-08,-8.127091978345489e-08,-2.661786264522442e-09,3.0443214515207035e-08,3.300785732373229e-09,-1.0415300355069772e-08,8.89402983737634e-08,1.0721013756277809e-08,-1.414715823810178e-08,8.158851344192652e-08,4.078663661950445e-09
-0.0017084406975168148,-3.261552131788751e-05,-0.00019756259525207458,0.0028145662906132554,-0.00010938536140677766,-0.000258844912650423,0.0002627740701456699,5.284960206690971e-05,3.1404420180230764e-05,0.0026979621413412225,0.0002615918697465723,-0.0016050155309619606,-0.0001424819140331189,-1.3125030322731406e-05,0.0019136209889878918
-5.8207234251255085e-05,0.0015130995991591237,0.00022971173719153897,9.520618478693214e-05,-0.0022363864956815986,0.0018353786044675638,1.4523632163363799e-05,0.00015359497090438153,-0.0006130255702010785,9.385832152250785e-05,0.00031452639857576476,-8.296569120657376e-05,0.002610001332044632,0.00023644341083716065,0.00010227969024152161
6.812749822630362e-09,7.644067349116667e-09,-6.059288201445918e-08,-1.0957379062735651e-08,-6.847220095161884e-08,-8.041999391584661e-08,-1.0820003471186728e-09,1.559288920305119e-08,3.5537904682087506e-10,-1.1446223280453369e-08,9.915275393278188e-08,8.163404532068115e-09,-1.4841583126707525e-08,6.275321860914801e-08,-2.360444298845631e-09
-0.0017901591999043213,-3.396002202823926e-05,-0.00020630712848262656,0.002750772960715456,-0.00010736473532669549,-0.00025446822048165387,-0.00015472771874913918,1.9983316512644004e-05,1.3070791423591984e-05,0.002852128914867482,0.00027798124105175295,-0.0009636679364342889,-0.00014238734296331576,-0.00014457128196268654,0.002471846698303382
-6.125100982680632e-05,0.0015974384787137673,0.00024085650999483533,9.315272147756902e-05,-0.002213977466373311,0.0018143036356213908,-3.886562278893613e-07,8.284575869012401e-05,-0.000209353019321729,9.878230619253673e-05,0.00035891705215367726,-5.961822901013798e-05,0.002813383427006826,0.00019438761089194895,0.0001208724817545638
7.1591443464314124e-09,8.091521948934785e-09,-6.366135411981055e-08,-1.0736306798418346e-08,-6.7397656964374e-08,-7.897562801091892e-08,5.237381207033987e-10,4.4538842274390465e-10,-2.5051186568652423e-09,-1.201427055148666e-08,1.0560001836765286e-07,5.035509900008567e-09,-1.4902550162484772e-08,3.984053314569038e-08,-8.36259581052612e-09
-0.0018705839591282919,-3.529215971521994e-05,-0.00021491107243970658,0.002666733536419757,-0.00010459081954820857,-0.0002484608622724279,-0.0005697289319343261,-1.3626747099463565e-05,-5.701376371574441e-06,0.002900257814183545,0.00028562711401289444,-0.0002580564060177382,-0.0001377134801152906,-0.0002601303578778584,0.0028114988013068633
-6.427935614173574e-05,0.0016816024403224336,0.0002515329869558382,9.033175966844069e-05,-0.0021758913139819677,0.0017806313655899973,-1.531283134812764e-05,8.149312715414837e-06,0.00019686429085983783,9.973602277812698e-05,0.00039093469163919606,-3.313865185632551e-05,0.0029135619907536313,0.000138123165935555,0.00012829040548570847
7.502926766340103e-09,8.552278885090818e-09,-6.668625970039952e-08,-1.0431640675731227e-08,-6.584366483528202e-08,-7.697163762635325e-08,2.124671428502362e-09,-1.465408143167392e-08,-5.166587233968702e-09,-1.2110160449660126e-08,1.0816688531847643e-07,1.5475584924647677e-09,-1.4353870520543483e-08,1.4391447935175267e-08,-1.3460286713967747e-08
-0.0019500715963473075,-3.669937740628511e-05,-0.00022270281722319498,0.002560784544699062,-0.00010035177164232884,-0.000240026975055893,-0.0009766839609943927,-4.7011975199786654e-05,-2.4696239489464462e-05,0.0028316279880393133,0.0002828354052071642,0.0004788695916468826,-0.00012847436346300509,-0.0003500242937939029,0.0028843472602394253
-6.686341905767462e-05,0.0017663450871728058,0.00025738298581831816,8.606958113168773e-05,-0.002124145479881182,0.001728970756314919,-2.9871942290407932e-05,-7.437922877963569e-05,0.0005996617666297525,9.576996337904141e-05,0.00041453935439376207,-5.593998852800839e-06,0.0028969392461990554,6.235799532197901e-05,0.00012072472907828867
7.848211542224025e-09,9.04425629702553e-09,-6.968130434947722e-08,-1.0032119941676193e-08,-6.37470739425933e-08,-7.433947776650838e-08,3.719524593119962e-09,-2.9556015880554082e-08,-7.440071439817372e-09,-1.1678450862228629e-08,1.0635750210008186e-07,-2.163756197037424e-09,-1.3146100624199759e-08,-1.2563715317714674e-08,-1.7204854162794045e-08
-0.00202765742086448,-3.7990217045475296e-05,-0.0002309788088132276,0.0024331048294460376,-9.593601160944844e-05,-0.00023076513392221464,-0.0013617082181233567,-8.007395515190363e-05,-4.357256185672098e-05,0.002643445535152116,0.000271774571356998,0.0011884208793060426,-0.00011551849256170258,-0.00040760356489886324,0.0026662718325540396
-6.985880802934678e-05,0.0018501840134717625,0.0002665579253138793,8.158188968921061e-05,-0.0020506184316309278,0.0016681082663846504,-4.391518624638218e-05,-0.00015721450703369127,0.0009880178619941897,8.822523599805484e-05,0.00041297734543426043,2.1420450096332372e-05,0.002761191136691575,-2.2443711364265804e-05,0.00010106934338137098
8.188939533454043e-09,9.550488337631554e-09,-7.261637311060324e-08,-9.54296639476547e-09,-6.110294184305912e-08,-7.110976552451558e-08,5.233391393747851e-09,-4.3733021434635834e-08,-9.36088799822962e-09,-1.0708280798073947e-08,1.0008968069188688e-07,-5.7558840811992284e-09,-1.1468131260723283e-08,-3.87944170695927e-08,-1.914299326324503e-08
-0.0021036060893379082,-3.925058458703123e-05,-0.00023909987660719807,0.002285026056911409,-9.069807214924268e-05,-0.00021988052879827813,-0.0017179959536194076,-0.00011228823170658677,-6.194782683281553e-05,0.002346426877850469,0.00025143016836007325,0.0018237769233053532,-9.906831450704861e-05,-0.0004319649276963435,0.002185026161027956
-7.281243969434611e-05,0.0019336367538634297,0.00027543699742806885,7.634129568734185e-05,-0.001959967231864968,0.0015944319962115793,-5.695008524715634e-05,-0.00023751510321659122,0.001355273690153085,7.676640508186157e-05,0.0003920149805416305,4.640313895150386e-05,0.002514663800175187,-0.00010532649669951518,7.120610082602052e-05
8.524751239100997e-09,1.006148365185311e-08,-7.550660076438345e-08,-8.971475582062612e-09,-5.793748638582499e-08,-6.733145151133815e-08,6.630546435135591e-09,-5.698971035547315e-08,-1.1028649965436293e-08,-9.254723922083524e-09,8.980447092541102e-08,-8.97716560055123e-09,-9.487499107454459e-09,-6.268661521880897e-08,-1.9247455493239176e-08
-0.0021779164787035683,-4.047897406067596e-05,-0.0002470552293880511,0.002117700199654688,-8.46672781914127e-05,-0.00020736500910551836,-0.0020383960841217318,-0.00014300647838155975,-7.936774160887379e-05,0.0019531900842656063,0.0002219999922594708,0.0023429998506810604,-7.957412054463694e-05,-0.00042360602438868853,0.001488174215205949
-7.571869110077141e-05,0.002016656678307909,0.00028414687209679006,7.040477179473301e-05,-0.0018528357717934887,0.001508512385064422,-6.869840479085795e-05,-0.0003125015377543658,0.0016947772838813169,6.187340221388845e-05,0.0003524315758953647,6.788471355759536e-05,0.002168172064322458,-0.00017835474557055525,3.41769254514031e-05
8.855018597406468e-09,1.0571602622113396e-08,-7.83543665798342e-08,-8.323199653487305e-09,-5.427281717980511e-08,-6.303849205828559e-08,7.878827330257723e-09,-6.908940220407044e-08,-1.2482959504036486e-08,-7.381966198401398e-09,7.595417814672647e-08,-1.1606418220843003e-08,-7.310961299364612e-09,-8.27450113437346e-08,-1.7620747792251506e-08
-0.002250568426445375,-4.167967736583761e-05,-0.0002548444854517059,0.0019323968214416353,-7.7879563328712e-05,-0.00019323654828385701,-0.0023163975833920417,-0.0001716180880450634,-9.544916893267606e-05,0.0014799308223052779,0.00018408963772787414,0.002711752243882146,-5.76615394400493e-05,-0.00038552768280241474,0.0006436053832656615
-7.857197353315493e-05,0.002099176508279541,0.00029276873896080195,6.383038351623237e-05,-0.0017299646383802723,0.0014109113347356799,-7.890689315894532e-05,-0.000379828723842509,0.0020001064786022153,4.414862886100459e-05,0.00029613889258342697,8.458994610835308e-05,0.0017358697340124172,-0.00023504080517837786,-6.493121445915174e-06
9.179272561013889e-09,1.1077047527077904e-08,-8.116010348865763e-08,-7.603764004574205e-09,-5.013474236158278e-08,-5.8262946446541046e-08,8.950477735746728e-09,-7.980573764638414e-08,-1.3744999615100852e-08,-5.1702905583917904e-09,5.910512888513024e-08,-1.3463347868004635e-08,-5.020793924005927e-09,-9.769484562829676e-08,-1.451322796207256e-08
-0.0023215184269102023,-4.286037397044463e-05,-0.00026247213134270367,0.001730510106243213,-7.037721694539955e-05,-0.00017752718069294072,-0.0025462506514243514,-0.00019754229982615938,-0.00010985926353953047,0.0009458417506326735,0.0001386689506017431,0.002905490752520136,-3.405612371931948e-05,-0.000322832160006998,-0.0002668553667156713
-8.13659213667993e-05,0.002181096560891386,0.00030135490645640884,5.668087475720937e-05,-0.001592218891777724,0.0013022205041479113,-8.735082839723828e-05,-0.00043751176613551903,0.0022652458543423746,2.430455475112192e-05,0.00022597778480659022,9.553940994793356e-05,0.0012349649122850705,-0.0002705985822109486,-4.7013268541526674e-05
9.49698092913683e-09,1.1574923335500745e-08,-8.392232623335553e-08,-6.819235893861966e-09,-4.5553321833095236e-08,-5.3037184671099935e-08,9.821548091296535e-09,-8.892918244523626e-08,-1.4824812163559346e-08,-2.7131760872456843e-09,3.992549842591199e-08,-1.4419476263138309e-08,-2.6823292396372107e-09,-1.0657042544070764e-07,-1.0296327764497352e-08
-0.0023908010270238533,-4.4032575271113536e-05,-0.0002699531208152197,0.0015132734378365995,-6.220233543971107e-05,-0.00016025856778553496,-0.00272338551206219,-0.00022024977211474275,-0.00012231948427610185,0.00037168811500950426,8.699666078708918e-05,0.002911140950240147,-9.5006853825391e-06,-0.00024206142990766493,-0.0011562887642055115
-8.409740698107402e-05,0.002262414559887605,0.000309951607482923,4.901420698420556e-05,-0.0014403756950316182,0.0011829029234723847,-9.384943880635296e-05,-0.00048400099017398393,0.0024851376632468608,3.1130664540715963e-06,0.000145405708487812,0.00010012816793923015,0.0006844271346696497,-0.0002822261345511481,-8.367017527691011e-05
9.80807772897977e-09,1.206360543029849e-08,-8.664241534048365e-08,-5.974831933918134e-09,-4.055565936440634e-08,-4.738645159421625e-08,1.0473580294297078e-08,-9.628672173691198e-08,-1.572629418565341e-08,-1.0974063043027665e-10,1.913707211704774e-08,-1.4407061953533208e-08,-3.4507839330429923e-10,-1.0878828842137088e-07,-5.417712811558716e-09
-0.0024583474715696094,-4.5205521034940194e-05,-0.00027729385051680116,0.0012822977807157587,-5.340782677984071e-05,-0.00014147738756613526,-0.002843959488755375,-0.00023921254795385792,-0.00013255886082720093,-0.00021952977646364194,3.067544250215237e-05,0.0027275834636911883,1.5209314918568519e-05,-0.00015073837006308394,-0.0019385527101011932
-8.675900941105891e-05,0.002342997522506543,0.0003185819040565923,4.090386863491193e-05,-0.0012755288169237096,0.0010536069695422329,-9.824819306523859e-05,-0.0005180447439940851,0.0026550915026659293,-1.8565849113277926e-05,5.851006344365449e-05,9.813897247604182e-05,0.00010580460134866664,-0.00026919958085622946,-0.00011303118376641368
1.0111953069246864e-08,1.2541005657765468e-08,-8.931704933771532e-08,-5.077576107358645e-09,-3.517954925997333e-08,-4.134418659584555e-08,1.0891352219123181e-08,-1.0172173005384107e-07,-1.6445426546092815e-08,2.531062608577074e-09,-2.45204852285019e-09,-1.3421293081446313e-08,1.9478701992537233e-09,-1.041670094509043e-07,-3.707933022381241e-10
-0.0025241750835552036,-4.6390078426748367e-05,-0.0002845066464956267,0.0010389901022488362,-4.404430503736297e-05,-0.00012122083759804001,-0.002905469500159454,-0.0002539504901151143,-0.00014035021533577316,-0.0008049911527096433,-2.8459456573264466e-05,0.0023658753910929275,3.9309120313812975e-05,-5.647092099367622e-05,-0.002538915220381679
-8.934652924450186e-05,0.002422814724161314,0.00032727283761153317,3.241828513633024e-05,-0.0010986670125209513,0.0009148306505817327,-0.00010044063731290425,-0.0005388699572923238,0.002771560661926167,-3.987195512351373e-05,-3.0434773512581878e-05,8.976866917845138e-05,-0.000479092007360038,-0.00023299342020946003,-0.00013234319244013887
1.040847596260749e-08,1.3005888565878467e-08,-9.194640875427183e-08,-4.1335808187944794e-09,-2.945907802496488e-08,-3.493532045282327e-08,1.1065729821734683e-08,-1.051208804727584e-07,-1.697275692677313e-08,5.103353382779814e-09,-2.4036344551507468e-08,-1.1521178491057051e-08,4.164378606393542e-09,-9.295209900934236e-08,4.368299413849248e-09
-0.002588296591130435,-4.7595898944149704e-05,-0.00029159875728536035,0.0007848140050886488,-3.416672894410616e-05,-9.954527002314204e-05,-0.00290653522443502,-0.0002640100145727326,-0.0001454980357785489,-0.0013622562887110792,-8.831070614517101e-05,0.0018483084714377284,6.203122076823693e-05,3.356044876250685e-05,-0.002900058587911668
-9.185523479644266e-05,0.0025018253575502273,0.0003360471486104042,2.363030842681357e-05,-0.0009108716476812817,0.000767056980624206,-0.00010035827390221795,-0.0005461567235694473,0.00283186523417271,-5.9949863762374395e-05,-0.0001170915055894609,7.559015702263116e-05,-0.0010483347504483076,-0.00017719781356292038,-0.00013971806093222885
1.0697506727335362e-08,1.3456989520588813e-08,-9.453047768105603e-08,-3.149341094694396e-09,-2.3431363743693002e-08,-2.8182458222270105e-08,1.0992780043073456e-08,-1.0640413757802628e-07,-1.7290255710260813e-08,7.505307152315927e-09,-4.481672365627987e-08,-8.823368876494143e-09,6.278219569930361e-09,-7.578770872856912e-08,8.379003767787e-09
-0.002650757231439164,-4.88301073415108e-05,-0.00029857348897564925,0.0005211004475774438,-2.382092981926114e-05,-7.652915548327765e-05,-0.002846810418192812,-0.0002689573152586346,-0.0001478523241328349,-0.0018703731159522832,-0.00014654253557065745,0.0012064683748321653,8.258750790291307e-05,0.00011309065547741013,-0.0029873051875215174
-9.428122768044613e-05,0.002580022487843278,0.0003449326877384644,1.461036481530876e-05,-0.0007132071205328577,0.0006106274545744014,-9.796317216053512e-05,-0.0005400993216456042,0.0028342145313621004,-7.798609023191644e-05,-0.0001973183269825975,5.6484018269756574e-05,-0.001581008446414409,-0.00010736095628463411,-0.00013427623354018387
1.0979097508387777e-08,1.3893089315967606e-08,-9.707100862290821e-08,-2.1310475210074416e-09,-1.713239280788984e-08,-2.109849034135756e-08,1.0673895787690724e-08,-1.0552400516749143e-07,-1.7367970273995234e-08,9.64585775116119e-09,-6.40433697591631e-08,-5.489710741384136e-09,8.268877605316417e-09,-5.365834528815621e-08,1.1335081452638937e-08
-0.002711532788617461,-5.009240659782773e-05,-0.00030540324725125597,0.0002496353853009985,-1.3094046219200749e-05,-5.241600044023982e-05,-0.0027279218225201695,-0.00026854202493166207,-0.0001474129790763503,-0.0023111669261130963,-0.00020055100429445643,0.00048045632641199773,0.00010016891396846368,0.00017689927765669343,-0.002795704227107709
-9.662006713802135e-05,0.0026573457863680967,0.0003539623642457003,5.425273593095783e-06,-0.0005070690519495741,0.000445875952431701,-9.321469160403261e-05,-0.0005217704012561253,0.002778371047596162,-9.320499486502464e-05,-0.0002674926474756076,3.351496452670714e-05,-0.0020592517121499157,-3.115476270632621e-05,-0.00011609368127756419
1.1252764354616212e-08,1.4311292456823454e-08,-9.956583752214223e-08,-1.0875194457567616e-09,-1.0616226938439121e-08,-1.3697868565347085e-08,1.0118570420816288e-08,-1.02490599197769e-07,-1.7155789538886494e-08,1.1451748465045738e-08,-8.10769603980459e-08,-1.7122444360945666e-09,1.0131509221640124e-08,-2.7798960989727866e-08,1.303885218889253e-08
-0.002771155480008522,-5.1256288693753025e-05,-0.0003132948240754541,-3.334722239636973e-05,-1.996088830070474e-06,-2.6919692534931634e-05,-0.0025420413366384806,-0.0002632619985943135,-0.00014396339064004382,-0.002667145467667635,-0.00024893023109477506,-0.000308650350919991,0.00011432027514505034,0.000218055567241528,-0.0023037548256201
-9.866527986679378e-05,0.002734735569657255,0.0003617803921477188,-3.7571554826807793e-06,-0.00028965692684344504,0.00026769733789102246,-8.585521646472246e-05,-0.0004935794193363579,0.0026530668133981903,-0.00010459680832769604,-0.0003249535441291259,7.330754072542545e-06,-0.002473864970603668,3.9818255503494715e-05,-8.490048381186277e-05
1.1520753403130253e-08,1.4707920510521285e-08,-1.0206219720538449e-07,-7.307276836732464e-12,-3.751803822396348e-09,-5.6724951135454946e-09,9.288856385097248e-09,-9.681974307766004e-08,-1.6440332437172756e-08,1.285284738343381e-08,-9.563425081070973e-08,2.498666454813076e-09,1.2003226788989192e-08,2.3033621596053057e-09,1.3245005709715257e-08
-0.002828963154003474,-5.263082366431238e-05,-0.00031994456573046395,-0.0003224622095287193,9.519087997039949e-06,-1.2085229970072942e-07,-0.0022903656116495088,-0.0002505053253197754,-0.00013697379549454389,-0.0029069811793419045,-0.00028746780138695134,-0.001088885094561293,0.00012394657336930136,0.00023574007276562462,-0.001553806350712403
-0.00010077451172202975,0.002810787650940182,0.0003714321090530692,-1.2806939010134303e-05,-6.461054850043148e-05,8.020272460492263e-05,-7.64539944470916e-05,-0.000452036427707736,0.0024571921060250745,-0.00011171497106395878,-0.0003632483697759295,-1.9545687339440166e-05,-0.002780711436328685,0.00010183453222740031,-4.428158531696994e-05
1.1778788631916019e-08,1.507838662663843e-08,-1.0450445866458532e-07,1.0832231756033996e-09,3.280425353641471e-09,2.727786209536701e-09,8.204718821396033e-09,-8.852603929614677e-08,-1.521882512216233e-08,1.3674401794736059e-08,-1.0598750770304228e-07,6.651669061792446e-09,1.354208858269576e-08,3.305537835539943e-08,1.1843505542788163e-08
-0.0028847599211660946,-5.4052464822715654e-05,-0.00032644899865661657,-0.0006148741069287448,2.1305987408373876e-05,2.77817509553587e-05,-0.0019792354565879326,-0.00023109878825272785,-0.00012655334778168562,-0.0030186962070057727,-0.00031512573735932234,-0.0017986032600621996,0.00012902001931201003,0.00023331702802121288,-0.000632634845209974
-0.0001027784119744198,0.0028856558398788357,0.0003812012573801092,-2.173369353843535e-05,0.00016614844880835435,-0.0001143942371445663,-6.50381594855432e-05,-0.00039948094765835214,0.0021959416807637027,-0.00011394138872995274,-0.0003837316122555165,-4.481501734237993e-05,-0.0029629038423885966,0.00015336711043870008,2.0758445303027817e-06
1.202747661510406e-08,1.5428310016853938e-08,-1.0688843475069118e-07,2.175519387530975e-09,1.042734277978879e-08,1.1380564313783308e-08,6.903437606213919e-09,-7.785853504831908e-08,-1.3548381011579767e-08,1.3877322188927968e-08,-1.1157411492534885e-07,1.0377691997366412e-08,1.4545975643786699e-08,6.1758909861745e-08,9.14718226571207e-09
-0.0029384165720423116,-5.5520415352165575e-05,-0.0003327977117780895,-0.0009077250368021669,3.325898802233534e-05,5.667466154648792e-05,-0.0016156968638001974,-0.00020499138276579136,-0.00011266491616518659,-0.002995380845998265,-0.0003300456235728983,-0.0023830075203980514,0.00012947134151064236,0.0002151415982519744,0.00035919683888117177
-0.00010467716651983812,0.0029592049867784584,0.0003910058599726634,-3.0464053502580745e-05,0.00040085226016483666,-0.00031408144640452816,-5.189071096615699e-05,-0.00033683317444371184,0.0018749798250708813,-0.00011103917415065836,-0.00038626883769302497,-6.626887831833151e-05,-0.0030096680945680392,0.000192589512263558,4.934472764728133e-05
1.2266603822018479e-08,1.5759962531042437e-08,-1.0920655231656147e-07,3.2598856916389066e-09,1.762726951053455e-08,2.0180670140709353e-08,5.420145740399472e-09,-6.50704258604762e-08,-1.1477096644836051e-08,1.3445043337697222e-08,-1.1204644489619939e-07,1.336354311027667e-08,1.4893085822686044e-08,8.605548017336149e-08,5.580559443765526e-09
-0.0029898616374640567,-5.703045345973319e-05,-0.00033898275689044484,-0.0011984950101808025,4.527465203622718e-05,8.638159234731337e-05,-0.0012076081100173507,-0.00017240944603111037,-9.541464096955546e-05,-0.0028362475637778973,-0.0003307984503542623,-0.002797139806137383,0.00012524756826327545,0.00018609739313923753,0.0013142589408594895
-0.00010647292879642217,0.003031348270102742,0.00040078752190358474,-3.8937458973244254e-05,0.0006378700134526908,-0.0005171016835270394,-3.7314732574456435e-05,-0.00026519951450741246,0.0015008887024122086,-0.0001030337120951255,-0.00037108809011151433,-8.21188254153896e-05,-0.0029164708488281996,0.0002178922359482844,9.250938570420618e-05
1.2496069823733852e-08,1.607504135958361e-08,-1.1145425146148775e-07,4.327818991455941e-09,2.482490220478892e-08,2.9039671109377515e-08,3.790561783555835e-09,-5.044329576449203e-08,-9.057512065081028e-09,1.2389544589744328e-08,-1.0730011626536826e-07,1.5361859816560626e-08,1.45193273899698e-08,1.0397254974538732e-07,1.642842524747441e-09
-0.0030390550835469104,-5.857648499453368e-05,-0.00034499735372492526,-0.0014849112059974186,5.7256456120935796e-05,0.00011669465826985122,-0.0007634063909941705,-0.00013377306413888142,-7.50185714549899e-05,-0.0025461319193550405,-0.00031643697672674887,-0.0030082753661739127,0.00011634916926721946,0.00015103625011154162,0.002129176603467125
-0.00010816834897567129,0.0031020238548474122,0.0004105015949241029,-4.709939972369381e-05,0.0008756690245366758,-0.000721859550797251,-2.1630558361245984e-05,-0.00018582416473428227,0.0010810407337258226,-9.018074399694498e-05,-0.0003388685536273154,-9.106672255012859e-05,-0.0026847763905367564,0.00022817950015411513,0.0001268781775050443
1.2715835914326428e-08,1.637485673941122e-08,-1.1362850509694157e-07,5.371612402493421e-09,3.196915771785264e-08,3.7879341869985116e-08,2.051463960414715e-09,-3.428361603839935e-08,-6.3470719785733374e-09,1.0749906303309821e-08,-9.745997416213325e-08,1.6202911082790374e-08,1.3409739956223644e-08,1.1403022155320111e-07,-2.1512063309451408e-09
-0.00308598781867337,-6.015167359076551e-05,-0.0003508379397653817,-0.001764959446997198,6.911966640468488e-05,0.00014740171879719334,-0.000291907331832198,-8.965196367201279e-05,-5.177719359414427e-05,-0.0021351405916820373,-0.00028656877203934143,-0.0029978740185675223,0.00010285896017794343,0.00011423790431489995,0.002715000584546481
-0.00010976677835869105,0.0031711935928266165,0.00042011319146581906,-5.49025516525002e-05,0.0011128248666971788,-0.0009268977479695321,-5.169438460979848e-06,-0.0001000539030471179,0.0006234628364606643,-7.294846279784823e-05,-0.000290777243683526,-9.237989937773485e-05,-0.0023218288225667163,0.0002230285157651874,0.00014857548820303339
1.292594950235603e-08,1.666052749317531e-08,-1.1572761646042996e-07,6.384355369160491e-09,3.901352282305528e-08,4.663001831446723e-08,2.4044885972825656e-10,-1.691750048329039e-08,-3.4076510738342037e-09,8.590465806031284e-09,-8.286841861367285e-08,1.580439182505407e-08,1.1593719549912461e-08,1.1533256647007163e-07,-5.331285752110909e-09
-0.003130693509851339,-6.174917648245031e-05,-0.00035650751771087243,-0.0020369902830999313,8.080052951035055e-05,0.00017831581975893642,0.00019814663966064193,-4.070091035763964e-05,-2.6040688038019e-05,-0.0016176866890547945,-0.0002413443077338203,-0.002762091702482445,8.493690107674154e-05,7.891456652243138e-05,0.0030056423075283142
-0.0001112727332962369,0.00323885575630075,0.0004295974878058001,-6.231018327087045e-05,0.0013480980703809628,-0.0011309509452205279,1.1741538561924525e-05,-9.266637565726309e-06,0.00013644798137370318,-5.198059497789555e-05,-0.00022840784968871747,-8.592407464634808e-05,-0.0018398672435856768,0.00020271444792009316,0.00015494071530369825
1.3126620136012137e-08,1.693316623909399e-08,-1.1775185736710627e-07,7.360321278647583e-09,4.591944858080101e-08,5.523388566245548e-08,-1.605493604516902e-09,1.3271295269591725e-09,-3.0258696591513045e-10,5.996123762570122e-09,-6.404797762926053e-08,1.4173552729583515e-08,9.13835775195947e-09,1.0760030418823374e-07,-7.525321349929227e-09
-0.0031731735624320064,-6.335915683878458e-05,-0.0003619992952759338,-0.002299219652097573,9.220966958992739e-05,0.00020918580900022588,0.0006970903731687222,1.2134231920199409e-05,1.732522555636554e-06,-0.001013876484113973,-0.00018184089752637086,-0.0023147988777094106,6.286712163337695e-05,4.699381074996707e-05,0.0029679855596497417
-0.00011269151290386254,0.0033049553309708215,0.0004389265987130444,-6.929137843418995e-05,0.0015800595730256245,-0.001332614815609239,2.875751359026871e-05,8.494298020758748e-05,-0.000370529165890883,-2.812975163420635e-05,-0.00015399757628903058,-7.225130875777306e-05,-0.0012574220564931,0.0001684211500802019,0.00014498606720356733
1.3317784199562588e-08,1.719318137394978e-08,-1.196975037353531e-07,8.292751274752598e-09,5.263493171281163e-08,6.361735672530673e-08,-3.4451964817120605e-09,2.005653204190687e-08,2.89250261006569e-09,3.080978360826903e-09,-4.179023462570603e-08,1.1427485951976793e-08,6.159248252094746e-09,9.134170612625855e-08,-8.513842037498857e-09
-0.003213945379410092,-6.502645392330377e-05,-0.00036701592624507965,-0.0025532501350967636,0.00010324428556488054,0.0002399569604697891,0.0012025038661658191,6.840655466791305e-05,3.164686458818965e-05,-0.00033584199361620225,-0.0001086599451644889,-0.0016705432216000604,3.599599624275334e-05,1.8694936724445207e-05,0.0025893527349229377
-0.00011417149693004934,0.0033696632470715288,0.00044934205448525754,-7.596763508842308e-05,0.001808525447803678,-0.001532740992274968,4.574271877271955e-05,0.000181642516214783,-0.0008925066407357007,-2.175052586381241e-06,-6.86176159845917e-05,-5.247031195153087e-05,-0.0005901573747815361,0.00011991304861822834,0.0001192203342461839
1.3502191435096134e-08,1.7444983595959682e-08,-1.2159115008740534e-07,9.190468279567764e-09,5.922416755462791e-08,7.185128413595178e-08,-5.272458204736003e-09,3.9229908373443504e-08,6.1561764354373114e-09,-9.319157024102845e-11,-1.6504331858192854e-08,7.670649154288928e-09,2.743545005453424e-09,6.706916695257375e-08,-8.201832676809782e-09
-0.0032526182427915847,-6.662748757202581e-05,-0.00037226977585454375,-0.00279551755294144,0.00011424573604933662,0.00027075744590809164,0.0017011108590546413,0.00012736526662195368,6.295774232249743e-05,0.00038640125956956374,-2.39116874775746e-05,-0.0008719308917410795,5.066691477960368e-06,-6.596473222029359e-06,0.00190037927870672
-0.00011544364787759222,0.00343308418742215,0.0004583960650447139,-8.212408758903761e-05,0.002032526596159276,-0.0017281439787533671,6.226210129493401e-05,0.00027935155625286034,-0.0014181452328284217,2.485262032948439e-05,2.395087067871654e-05,-2.7995014305407193e-05,0.00013514092564734085,6.112927725395179e-05,7.987720375257186e-05
1.3677155676901923e-08,1.7685519340583143e-08,-1.234095805382827e-07,1.0033124577218317e-08,6.55665306592671e-08,7.978343235829962e-08,-7.019373309592202e-09,5.825337703898981e-08,9.383291399976082e-09,-3.349251293625238e-09,1.0551950287716073e-08,3.200825705040876e-09,-9.165959816960233e-10,3.65692271707422e-08,-6.674354231019208e-09
-0.0032893450440675638,-6.822898887124087e-05,-0.0003774291466251516,-0.003025463282198809,0.00012506767419628932,0.0003014291688157394,0.00218556598687492,0.00018839341401830957,9.52280632135226e-05,0.0011282978984130275,7.065830879492838e-05,3.389872294431178e-05,-2.9208054492856627e-05,-3.1712521965391906e-05,0.0009611920520450807
-0.00011664403116308649,0.0034951725404890293,0.00046728784761704647,-8.78243452176992e-05,0.0022511163163577087,-0.00191897663822726,7.809153740442768e-05,0.00037667454261076233,-0.0019402397993355982,5.1990878373457914e-05,0.00012140158390703741,-6.311957798155469e-07,0.0008946394252482775,-5.946655224297068e-06,3.028468349643838e-05
1.3843290566041276e-08,1.7916258460207902e-08,-1.2515966798404955e-07,1.0818499892718741e-08,7.16555747895144e-08,8.740094242658204e-08,-8.656031699656776e-09,7.686133111097767e-08,1.2523393336516456e-08,-6.56200585349028e-09,3.844944398369365e-08,-1.684340432392914e-09,-4.677692225809226e-09,1.7406881467807044e-09,-4.191443381380773e-09
-0.0033242526600960097,-6.983973071141617e-05,-0.0003825322193808938,-0.00324284550758013,0.00013574204180411434,0.0003320286164977998,0.0026499103345698914,0.00025085873883320004,0.0001280376053290876,0.0018672397062769158,0.00017270531572841018,0.000997411293533977,-6.597166981088461e-05,-5.946338878556079e-05,-0.00014959307750311477
-0.0001177761683506758,0.003556018587672847,0.000476015678539638,-9.305457413757744e-05,0.00246391088496381,-0.002104795451454478,9.300213855471664e-05,0.0004725204760524757,-0.002452244035850367,7.836401923194608e-05,0.000221061215040707,2.7849047431935814e-05,0.0016651202975894834,-7.823449585573928e-05,-2.5632544276578988e-05
1.4000840202402934e-08,1.8138234559570845e-08,-1.2684489044196032e-07,1.1543257287222267e-08,7.747914238163956e-08,9.468360862358027e-08,-1.0153938451131296e-08,9.47973960772309e-08,1.5528211221982192e-08,-9.612011845383594e-09,6.627047966910465e-08,-6.674929085476378e-09,-8.398543228947129e-09,-3.534095228514053e-08,-1.105548372915908e-09
-0.003357541555205836,-7.147156566980994e-05,-0.00038763219690349774,-0.0034481964313103066,0.00014632102422567378,0.0003626875691504719,0.0030906203409886276,0.00031416289616322045,0.00016102456586414757,0.0025847743141622563,0.0002796031383666854,0.0019715442340929217,-0.00010428431012499268,-9.223308556311067e-05,-0.0013446275212558535
-0.00011884498714955486,0.0036157561897818386,0.00048457994172914666,-9.781434133660272e-05,0.002670918948851094,-0.0022854756309428586,0.00010683057295052546,0.0005661102078301641,-0.0029493049675685798,0.00010323638955166389,0.0003205583990872282,5.5762393981692186e-05,0.0024260324042599778,-0.0001526997224728573,-8.368581215976745e-05
1.4150348817382196e-08,1.835291481111632e-08,-1.2847091856652314e-07,1.2206844710865111e-08,8.304113622523155e-08,1.0163023180789893e-07,-1.1495544498263741e-08,1.1188437965382397e-07,1.8363450918719948e-08,-1.2405650920064902e-08,9.322931863075815e-08,-1.1487719602350202e-08,-1.1958819384700477e-08,-7.264203708004379e-08,2.1874148158618122e-09
-0.003391360498040177,-7.280575360532882e-05,-0.0003966362164688406,-0.003656190317202298,0.00016001469200759228,0.00039906688576152034,0.0035360460999767267,0.0003859767242864389,0.00019702190812989683,0.003316587320606973,0.00039989991866163233,0.0029849669382220273,-0.00014654455298990902,-0.0001375594981910864,-0.002628168740247982
-0.00012030056645600052,0.003678270146528774,0.0004969675669704307,-0.00010276616856735235,0.0028847207504778196,-0.002476698892653305,0.00012074881442074817,0.0006601593726171566,-0.0034637808955046605,0.00012816033269222988,0.0004217604036820165,8.409857145812983e-05,0.0032148519065900286,-0.00022885270939021005,-0.00014440768576417915
1.430279741027871e-08,1.857781586353713e-08,-1.301595595514164e-07,1.28532940690354e-08,8.875159144027307e-08,1.0874291481277969e-07,-1.2755735750909152e-08,1.2922577796023285e-07,2.120983903657785e-08,-1.5053865596418504e-08,1.2062103013410825e-07,-1.6209588736780262e-08,-1.5524385527508976e-08,-1.110404190528193e-07,5.530263111451656e-09
-0.0034242426941222216,-7.466498600888266e-05,-0.00040232418657516376,-0.0038538147226897545,0.00017140828985981406,0.0004328899608209821,0.003954676674012209,0.0004545164413736116,0.00023188796861463984,0.004001189643506565,0.000517922161846287,0.003932921548645327,-0.00018776037076955845,-0.00018998101245598395,-0.0038348046154443975
-0.00012134659893049392,0.003740203798703208,0.0005058503339092916,-0.00010706176428870445,0.0030945168706485427,-0.0026598016125666617,0.00013337519233206607,0.0007532829578002153,-0.003955375407852328,0.0001508075228434768,0.0005207387920255133,0.0001098219825191714,0.003961061866053082,-0.0003027852838923169,-0.00020105676625146494
1.4448365563226664e-08,1.8795904968208946e-08,-1.3178730141769063e-07,1.344635128958333e-08,9.417898015325041e-08,1.1549078874268952e-07,-1.3862273685530432e-08,1.4541078739722836e-07,2.384600852955064e-08,-1.7356821879245905e-08,1.4586775164741533e-07,-2.0360827588781493e-08,-1.876984756334738e-08,-1.4613329067045572e-07,8.422423431915785e-09
