folder,angle,file,metric,mean,std,extreme
Model2_10yr_000,0,20250714_114125_126_acceleration.csv,UX,-0.0,25.4,88.9
Model2_10yr_000,0,20250714_114125_126_acceleration.csv,UY,0.01,36.73,128.57
Model2_10yr_000,0,20250714_114125_126_acceleration.csv,RZ,-0.0,0.0,0.0
Model2_10yr_000,0,20250714_114125_54000062_acceleration.csv,UX,-0.0,23.92,83.71
Model2_10yr_000,0,20250714_114125_54000062_acceleration.csv,UY,0.01,36.33,127.17
Model2_10yr_000,0,20250714_114125_54000062_acceleration.csv,RZ,-0.0,0.0,0.0
Model2_10yr_000,0,20250714_114125_54000070_acceleration.csv,UX,-0.0,23.92,83.71
Model2_10yr_000,0,20250714_114125_54000070_acceleration.csv,UY,0.01,37.61,131.65
Model2_10yr_000,0,20250714_114125_54000070_acceleration.csv,RZ,-0.0,0.0,0.0
Model2_10yr_000,0,20250714_114126_54000071_acceleration.csv,UX,-0.0,27.49,96.23
Model2_10yr_000,0,20250714_114126_54000071_acceleration.csv,UY,0.01,36.33,127.17
Model2_10yr_000,0,20250714_114126_54000071_acceleration.csv,RZ,-0.0,0.0,0.0
Model2_10yr_000,0,20250714_114126_54000079_acceleration.csv,UX,-0.0,27.49,96.23
Model2_10yr_000,0,20250714_114126_54000079_acceleration.csv,UY,0.01,37.61,131.65
Model2_10yr_000,0,20250714_114126_54000079_acceleration.csv,RZ,-0.0,0.0,0.0
Model2_10yr_005,5,20250714_114346_126_acceleration.csv,UX,-0.0,21.97,76.91
Model2_10yr_005,5,20250714_114346_126_acceleration.csv,UY,0.0,40.03,140.09
Model2_10yr_005,5,20250714_114346_126_acceleration.csv,RZ,0.0,0.0,0.0
Model2_10yr_005,5,20250714_114346_54000062_acceleration.csv,UX,-0.0,20.72,72.5
Model2_10yr_005,5,20250714_114346_54000062_acceleration.csv,UY,0.0,39.54,138.39
Model2_10yr_005,5,20250714_114346_54000062_acceleration.csv,RZ,0.0,0.0,0.0
Model2_10yr_005,5,20250714_114347_54000070_acceleration.csv,UX,-0.0,20.72,72.5
Model2_10yr_005,5,20250714_114347_54000070_acceleration.csv,UY,0.0,40.96,143.35
Model2_10yr_005,5,20250714_114347_54000070_acceleration.csv,RZ,0.0,0.0,0.0
Model2_10yr_005,5,20250714_114347_54000071_acceleration.csv,UX,-0.0,23.94,83.8
Model2_10yr_005,5,20250714_114347_54000071_acceleration.csv,UY,0.0,39.54,138.39
Model2_10yr_005,5,20250714_114347_54000071_acceleration.csv,RZ,0.0,0.0,0.0
Model2_10yr_005,5,20250714_114347_54000079_acceleration.csv,UX,-0.0,23.94,83.8
Model2_10yr_005,5,20250714_114347_54000079_acceleration.csv,UY,0.0,40.96,143.35
Model2_10yr_005,5,20250714_114347_54000079_acceleration.csv,RZ,0.0,0.0,0.0
Model2_10yr_010,10,20250714_114612_126_acceleration.csv,UX,0.01,20.02,70.08
Model2_10yr_010,10,20250714_114612_126_acceleration.csv,UY,-0.01,33.11,115.89
Model2_10yr_010,10,20250714_114612_126_acceleration.csv,RZ,0.0,0.0,0.0
Model2_10yr_010,10,20250714_114612_54000062_acceleration.csv,UX,0.01,19.07,66.75
Model2_10yr_010,10,20250714_114612_54000062_acceleration.csv,UY,-0.01,32.99,115.45
Model2_10yr_010,10,20250714_114612_54000062_acceleration.csv,RZ,0.0,0.0,0.0
Model2_10yr_010,10,20250714_114612_54000070_acceleration.csv,UX,0.01,19.07,66.75
Model2_10yr_010,10,20250714_114612_54000070_acceleration.csv,UY,-0.01,33.75,118.11
Model2_10yr_010,10,20250714_114612_54000070_acceleration.csv,RZ,0.0,0.0,0.0
Model2_10yr_010,10,20250714_114612_54000071_acceleration.csv,UX,0.01,21.74,76.11
Model2_10yr_010,10,20250714_114612_54000071_acceleration.csv,UY,-0.01,32.99,115.45
Model2_10yr_010,10,20250714_114612_54000071_acceleration.csv,RZ,0.0,0.0,0.0
Model2_10yr_010,10,20250714_114613_54000079_acceleration.csv,UX,0.01,21.74,76.11
Model2_10yr_010,10,20250714_114613_54000079_acceleration.csv,UY,-0.01,33.75,118.11
Model2_10yr_010,10,20250714_114613_54000079_acceleration.csv,RZ,0.0,0.0,0.0
Model2_10yr_015,15,20250714_114837_126_acceleration.csv,UX,0.0,19.36,67.76
Model2_10yr_015,15,20250714_114837_126_acceleration.csv,UY,-0.01,33.43,116.99
Model2_10yr_015,15,20250714_114837_126_acceleration.csv,RZ,0.0,0.0,0.0
Model2_10yr_015,15,20250714_114837_54000062_acceleration.csv,UX,0.0,18.35,64.23
Model2_10yr_015,15,20250714_114837_54000062_acceleration.csv,UY,-0.01,33.32,116.6
Model2_10yr_015,15,20250714_114837_54000062_acceleration.csv,RZ,0.0,0.0,0.0
Model2_10yr_015,15,20250714_114837_54000070_acceleration.csv,UX,0.0,18.35,64.23
Model2_10yr_015,15,20250714_114837_54000070_acceleration.csv,UY,-0.01,33.98,118.91
Model2_10yr_015,15,20250714_114837_54000070_acceleration.csv,RZ,0.0,0.0,0.0
Model2_10yr_015,15,20250714_114837_54000071_acceleration.csv,UX,0.0,21.06,73.71
Model2_10yr_015,15,20250714_114837_54000071_acceleration.csv,UY,-0.01,33.32,116.6
Model2_10yr_015,15,20250714_114837_54000071_acceleration.csv,RZ,0.0,0.0,0.0
Model2_10yr_015,15,20250714_114838_54000079_acceleration.csv,UX,0.0,21.06,73.71
Model2_10yr_015,15,20250714_114838_54000079_acceleration.csv,UY,-0.01,33.98,118.91
Model2_10yr_015,15,20250714_114838_54000079_acceleration.csv,RZ,0.0,0.0,0.0
Model2_10yr_020,20,20250714_115100_126_acceleration.csv,UX,-0.01,19.22,67.27
Model2_10yr_020,20,20250714_115100_126_acceleration.csv,UY,0.0,26.95,94.34
Model2_10yr_020,20,20250714_115100_126_acceleration.csv,RZ,-0.0,0.0,0.0
Model2_10yr_020,20,20250714_115100_54000062_acceleration.csv,UX,-0.01,18.14,63.49
Model2_10yr_020,20,20250714_115100_54000062_acceleration.csv,UY,0.0,26.93,94.26
Model2_10yr_020,20,20250714_115100_54000062_acceleration.csv,RZ,-0.0,0.0,0.0
Model2_10yr_020,20,20250714_115100_54000070_acceleration.csv,UX,-0.01,18.14,63.49
Model2_10yr_020,20,20250714_115100_54000070_acceleration.csv,UY,0.0,27.34,95.68
Model2_10yr_020,20,20250714_115100_54000070_acceleration.csv,RZ,-0.0,0.0,0.0
Model2_10yr_020,20,20250714_115101_54000071_acceleration.csv,UX,-0.01,20.76,72.67
Model2_10yr_020,20,20250714_115101_54000071_acceleration.csv,UY,0.0,26.93,94.26
Model2_10yr_020,20,20250714_115101_54000071_acceleration.csv,RZ,-0.0,0.0,0.0
Model2_10yr_020,20,20250714_115101_54000079_acceleration.csv,UX,-0.01,20.76,72.67
Model2_10yr_020,20,20250714_115101_54000079_acceleration.csv,UY,0.0,27.34,95.68
Model2_10yr_020,20,20250714_115101_54000079_acceleration.csv,RZ,-0.0,0.0,0.0
Model2_10yr_025,25,20250714_115322_126_acceleration.csv,UX,-0.0,17.97,62.9
Model2_10yr_025,25,20250714_115322_126_acceleration.csv,UY,-0.0,22.96,80.37
Model2_10yr_025,25,20250714_115322_126_acceleration.csv,RZ,-0.0,0.0,0.0
Model2_10yr_025,25,20250714_115322_54000062_acceleration.csv,UX,-0.0,16.96,59.37
Model2_10yr_025,25,20250714_115322_54000062_acceleration.csv,UY,-0.0,22.91,80.2
Model2_10yr_025,25,20250714_115322_54000062_acceleration.csv,RZ,-0.0,0.0,0.0
Model2_10yr_025,25,20250714_115322_54000070_acceleration.csv,UX,-0.0,16.96,59.37
Model2_10yr_025,25,20250714_115322_54000070_acceleration.csv,UY,-0.0,23.34,81.67
Model2_10yr_025,25,20250714_115322_54000070_acceleration.csv,RZ,-0.0,0.0,0.0
Model2_10yr_025,25,20250714_115322_54000071_acceleration.csv,UX,-0.0,19.35,67.73
Model2_10yr_025,25,20250714_115322_54000071_acceleration.csv,UY,-0.0,22.91,80.2
Model2_10yr_025,25,20250714_115322_54000071_acceleration.csv,RZ,-0.0,0.0,0.0
Model2_10yr_025,25,20250714_115322_54000079_acceleration.csv,UX,-0.0,19.35,67.73
Model2_10yr_025,25,20250714_115322_54000079_acceleration.csv,UY,-0.0,23.34,81.67
Model2_10yr_025,25,20250714_115322_54000079_acceleration.csv,RZ,-0.0,0.0,0.0
Model2_10yr_030,30,20250714_115546_126_acceleration.csv,UX,0.0,17.61,61.65
Model2_10yr_030,30,20250714_115546_126_acceleration.csv,UY,0.0,20.73,72.57
Model2_10yr_030,30,20250714_115546_126_acceleration.csv,RZ,-0.0,0.0,0.0
Model2_10yr_030,30,20250714_115546_54000062_acceleration.csv,UX,0.0,16.61,58.14
Model2_10yr_030,30,20250714_115546_54000062_acceleration.csv,UY,0.0,20.77,72.69
Model2_10yr_030,30,20250714_115546_54000062_acceleration.csv,RZ,-0.0,0.0,0.0
Model2_10yr_030,30,20250714_115546_54000070_acceleration.csv,UX,0.0,16.61,58.14
Model2_10yr_030,30,20250714_115546_54000070_acceleration.csv,UY,0.0,21.08,73.8
Model2_10yr_030,30,20250714_115546_54000070_acceleration.csv,RZ,-0.0,0.0,0.0
Model2_10yr_030,30,20250714_115546_54000071_acceleration.csv,UX,0.0,19.03,66.6
Model2_10yr_030,30,20250714_115546_54000071_acceleration.csv,UY,0.0,20.77,72.69
Model2_10yr_030,30,20250714_115546_54000071_acceleration.csv,RZ,-0.0,0.0,0.0
Model2_10yr_030,30,20250714_115547_54000079_acceleration.csv,UX,0.0,19.03,66.6
Model2_10yr_030,30,20250714_115547_54000079_acceleration.csv,UY,0.0,21.08,73.8
Model2_10yr_030,30,20250714_115547_54000079_acceleration.csv,RZ,-0.0,0.0,0.0
Model2_10yr_035,35,20250714_115810_126_acceleration.csv,UX,0.0,18.91,66.18
Model2_10yr_035,35,20250714_115810_126_acceleration.csv,UY,-0.0,21.13,73.97
Model2_10yr_035,35,20250714_115810_126_acceleration.csv,RZ,-0.0,0.0,0.0
Model2_10yr_035,35,20250714_115810_54000062_acceleration.csv,UX,0.0,17.85,62.47
Model2_10yr_035,35,20250714_115810_54000062_acceleration.csv,UY,-0.0,21.15,74.04
Model2_10yr_035,35,20250714_115810_54000062_acceleration.csv,RZ,-0.0,0.0,0.0
Model2_10yr_035,35,20250714_115810_54000070_acceleration.csv,UX,0.0,17.85,62.47
Model2_10yr_035,35,20250714_115810_54000070_acceleration.csv,UY,-0.0,21.49,75.2
Model2_10yr_035,35,20250714_115810_54000070_acceleration.csv,RZ,-0.0,0.0,0.0
Model2_10yr_035,35,20250714_115810_54000071_acceleration.csv,UX,0.0,20.34,71.21
Model2_10yr_035,35,20250714_115810_54000071_acceleration.csv,UY,-0.0,21.15,74.04
Model2_10yr_035,35,20250714_115810_54000071_acceleration.csv,RZ,-0.0,0.0,0.0
Model2_10yr_035,35,20250714_115810_54000079_acceleration.csv,UX,0.0,20.34,71.21
Model2_10yr_035,35,20250714_115810_54000079_acceleration.csv,UY,-0.0,21.49,75.2
Model2_10yr_035,35,20250714_115810_54000079_acceleration.csv,RZ,-0.0,0.0,0.0
Model2_10yr_040,40,20250714_120033_126_acceleration.csv,UX,0.01,19.35,67.72
Model2_10yr_040,40,20250714_120033_126_acceleration.csv,UY,-0.0,18.46,64.62
Model2_10yr_040,40,20250714_120033_126_acceleration.csv,RZ,0.0,0.0,0.0
Model2_10yr_040,40,20250714_120033_54000062_acceleration.csv,UX,0.01,18.8,65.8
Model2_10yr_040,40,20250714_120033_54000062_acceleration.csv,UY,-0.0,18.6,65.1
Model2_10yr_040,40,20250714_120033_54000062_acceleration.csv,RZ,0.0,0.0,0.0
Model2_10yr_040,40,20250714_120033_54000070_acceleration.csv,UX,0.01,18.8,65.8
Model2_10yr_040,40,20250714_120033_54000070_acceleration.csv,UY,0.0,18.85,65.98
Model2_10yr_040,40,20250714_120033_54000070_acceleration.csv,RZ,0.0,0.0,0.0
Model2_10yr_040,40,20250714_120034_54000071_acceleration.csv,UX,0.01,20.4,71.4
Model2_10yr_040,40,20250714_120034_54000071_acceleration.csv,UY,-0.0,18.6,65.1
Model2_10yr_040,40,20250714_120034_54000071_acceleration.csv,RZ,0.0,0.0,0.0
Model2_10yr_040,40,20250714_120034_54000079_acceleration.csv,UX,0.01,20.4,71.4
Model2_10yr_040,40,20250714_120034_54000079_acceleration.csv,UY,0.0,18.85,65.98
Model2_10yr_040,40,20250714_120034_54000079_acceleration.csv,RZ,0.0,0.0,0.0
Model2_10yr_045,45,20250714_120257_126_acceleration.csv,UX,-0.0,18.06,63.2
Model2_10yr_045,45,20250714_120257_126_acceleration.csv,UY,0.0,18.0,63.0
Model2_10yr_045,45,20250714_120257_126_acceleration.csv,RZ,-0.0,0.0,0.0
Model2_10yr_045,45,20250714_120257_54000062_acceleration.csv,UX,-0.0,17.16,60.07
Model2_10yr_045,45,20250714_120257_54000062_acceleration.csv,UY,0.0,17.92,62.74
Model2_10yr_045,45,20250714_120257_54000062_acceleration.csv,RZ,-0.0,0.0,0.0
Model2_10yr_045,45,20250714_120257_54000070_acceleration.csv,UX,-0.0,17.16,60.07
Model2_10yr_045,45,20250714_120257_54000070_acceleration.csv,UY,0.0,18.43,64.49
Model2_10yr_045,45,20250714_120257_54000070_acceleration.csv,RZ,-0.0,0.0,0.0
Model2_10yr_045,45,20250714_120257_54000071_acceleration.csv,UX,-0.0,19.27,67.45
Model2_10yr_045,45,20250714_120257_54000071_acceleration.csv,UY,0.0,17.92,62.74
Model2_10yr_045,45,20250714_120257_54000071_acceleration.csv,RZ,-0.0,0.0,0.0
Model2_10yr_045,45,20250714_120257_54000079_acceleration.csv,UX,-0.0,19.27,67.45
Model2_10yr_045,45,20250714_120257_54000079_acceleration.csv,UY,0.0,18.43,64.49
Model2_10yr_045,45,20250714_120257_54000079_acceleration.csv,RZ,-0.0,0.0,0.0
